M,cuBLAS,cuSPARSE_2_4,cuSPARSE_2_6,cuSPARSE_2_8,cuSPARSE_2_10,cuSPARSE_2_12,cuSPARSE_2_14,cuSPARSE_2_16,cuSPARSE_2_inf
64,1.00,0.95,0.81,0.78,0.72,0.70,0.71,0.73,0.60
128,1.00,0.97,0.81,0.80,0.72,0.69,0.70,0.71,0.60
256,1.00,0.91,0.73,0.69,0.64,0.60,0.60,0.61,0.55
512,1.00,1.04,0.79,0.79,0.67,0.65,0.68,0.69,0.64
1024,1.00,1.17,0.95,0.86,0.83,0.75,0.77,0.78,0.71
2048,1.00,1.24,0.98,0.95,0.83,0.80,0.78,0.80,0.72
4096,1.00,1.37,1.06,0.98,0.86,0.87,0.87,0.84,0.78
8192,1.00,1.42,1.07,0.94,0.85,0.83,0.85,0.82,0.72
16384,1.00,1.54,1.14,1.02,0.96,0.91,0.87,0.90,0.81
